EMPLOYEEID,LEAVEDATE,LEAVETYPE,DURATION
SAMA,12/5/2017,Casual,Full
SAMA,25/4/2017,Sick,Full
SAMA,5/5/2017,Sick,First_Half
SOBK,13/2/2017,Annual,Full
SOBK,14/2/2017,Annual,Full
SOBK,15/2/2017,Annual,Full
SOBK,16/2/2017,Annual,Full
SOBK,17/2/2017,Annual,Full
SOBK,18/2/2017,Annual,Full
SOBK,19/2/2017,Annual,Full
SOBK,20/2/2017,Annual,Full
SOBK,21/2/2017,Annual,Full
SOBK,22/2/2017,Annual,Full
SOBK,23/2/2017,Annual,Full
SOBK,24/2/2017,Annual,Full
SAGA,26/5/2017,Sick,Second_Half
SAMA,17/3/2017,Casual,Full
SAMA,27/1/2017,Casual,Full
SAMA,25/1/2017,Casual,Full
SACP,10/7/2017,Casual,Full
SACP,1/2/2017,Casual,First_Half
SACP,17/4/2017,Annual,Full
SACP,18/4/2017,Annual,Full
SACP,19/4/2017,Annual,Full
SACP,20/4/2017,Annual,Full
SACP,21/4/2017,Annual,Full
SACP,22/4/2017,Annual,Full
SACP,23/4/2017,Annual,Full
SACP,24/4/2017,Annual,Full
SACP,25/4/2017,Annual,Full
SACP,26/4/2017,Annual,Full
SACP,27/4/2017,Annual,Full
SACP,17/1/2017,Casual,Full
SACP,28/4/2017,Annual,Full
SACP,29/4/2017,Annual,Full
SACP,30/4/2017,Annual,Full
SACP,01/5/2017,Annual,Full
SACP,02/5/2017,Annual,Full
SAMA,03/2/2017,Sick,Full
SACP,19/6/2017,Sick,First_Half
SMCH,17/4/2017,Casual,Full
SMCH,22/6/2017,Annual,Full
SMCH,23/6/2017,Annual,Full
ANAN,04/5/2017,Casual,Full
ANAN,05/5/2017,Casual,Full
NIIN,09/1/2017,Casual,Full
NIIN,10/1/2017,Casual,Full
NIIN,16/1/2017,Sick,Full
NIIN,25/4/2017,Sick,Full
SUBI,6/3/2017,Casual,First_Half
ANAN,02/6/2017,Casual,Full
PMI,25/5/2017,Sick,Second_Half
PMI,26/5/2017,Sick,Full
SWAR,23/3/2017,Sick,Full
ATAL,25/4/2017,Annual,Full
ATAL,26/4/2017,Annual,Full
ATAL,27/4/2017,Annual,Full
ATAL,28/4/2017,Annual,Full
PMI,13/3/2017,Casual,Full
SUMN,27/6/2017,Sick,Full
ANMI,24/3/2017,Casual,Full
ANMI,25/3/2017,Casual,Full
ANMI,26/3/2017,Casual,Full
ANMI,27/3/2017,Casual,Full
NIIN,14/2/2017,Casual,Second_Half
SUMN,30/5/2017,Sick,Full
ANMI,05/6/2017,Casual,Full
PMI,10/1/2017,Casual,First_Half
SUMN,03/7/2017,Sick,Full
ANMI,13/3/2017,Annual,Full
ANMI,14/3/2017,Annual,Full
ANMI,15/3/2017,Annual,Full
ANMI,16/3/2017,Annual,Full
ANMI,17/3/2017,Annual,Full
ANMI,18/3/2017,Annual,Full
ANMI,19/3/2017,Annual,Full
ANMI,20/3/2017,Annual,Full
ANMI,21/3/2017,Annual,Full
ANMI,22/3/2017,Annual,Full
ANMI,23/3/2017,Annual,Full
NIIN,10/2/2017,Casual,Second_Half
SUMN,17/4/2017,Casual,Full
APKR,17/4/2017,Casual,Full
NIIN,6/6/2017,Sick,Second_Half
APKR,17/2/2017,Sick,Full
APKR,18/2/2017,Sick,Full
NIIN,3/3/2017,Casual,Second_Half
SUBI,22/3/2017,Casual,First_Half
APKR,10/7/2017,Casual,First_Half
NIIN,30/3/2017,Annual,Full
NIIN,31/3/2017,Annual,Full
NIIN,01/4/2017,Annual,Full
NIIN,02/4/2017,Annual,Full
NIIN,03/4/2017,Annual,Full
NIIN,04/4/2017,Annual,Full
NIIN,05/4/2017,Annual,Full
NIIN,06/4/2017,Annual,Full
SUBI,21/4/2017,Annual,Full
SUBI,31/3/2017,Annual,First_Half
ANAN,25/4/2017,Sick,Full
ANAN,26/4/2017,Sick,Full
ANAN,27/4/2017,Sick,Full
ANAN,28/4/2017,Sick,Full
ANAN,29/4/2017,Sick,Full
ANAN,30/4/2017,Sick,Full
ANAN,01/5/2017,Sick,Full
ANAN,02/5/2017,Sick,Full
ANAN,03/5/2017,Sick,Full
ANAN,13/1/2017,Annual,Full
ANAN,14/1/2017,Annual,Full
ANAN,15/1/2017,Annual,Full
ANAN,16/1/2017,Annual,Full
ANAN,17/1/2017,Annual,Full
ANAN,18/1/2017,Annual,Full
ANAN,19/1/2017,Annual,Full
ANAN,20/1/2017,Annual,Full
ANKR,05/6/2017,Annual,Full
NIBA,23/5/2017,Casual,Full
NIBA,10/2/2017,Casual,Full
SUCR,23/2/2017,Sick,Full
NIBA,13/3/2017,Casual,Full
SUCR,31/3/2017,Sick,Full
ANKR,13/6/2017,Annual,Full
NIIN,14/6/2017,Casual,Second_Half
SUBI,13/1/2017,Casual,First_Half
ANKR,23/1/2017,Casual,Full
ANKR,24/1/2017,Casual,Full
ANKR,25/1/2017,Casual,Full
NIIN,02/2/2017,Sick,Full
SUBI,03/1/2017,Casual,Full
ANKR,08/6/2017,Annual,Full
NIBA,16/1/2017,Casual,First_Half
SUBI,17/7/2017,Annual,Full
SUBI,18/7/2017,Annual,Full
SUBI,19/7/2017,Annual,Full
ANKR,12/4/2017,Casual,Full
ANKR,13/4/2017,Casual,Full
NIBA,10/4/2017,Annual,Full
NIBA,11/4/2017,Annual,Full
NIBA,12/4/2017,Annual,Full
NIBA,13/4/2017,Annual,Full
NIBA,14/4/2017,Annual,Full
NIBA,15/4/2017,Annual,Full
NIBA,16/4/2017,Annual,Full
NIBA,17/4/2017,Annual,Full
NIBA,18/4/2017,Annual,Full
NIBA,19/4/2017,Annual,Full
NIBA,20/4/2017,Annual,Full
NIBA,21/4/2017,Annual,Full
SUBI,14/2/2017,Casual,First_Half
ANKR,10/3/2017,Casual,Full
NIBA,28/7/2017,Casual,Full
SUBI,01/3/2017,Annual,Full
SUBI,02/3/2017,Annual,Full
SUBI,03/3/2017,Annual,Full
ANAN,19/5/2017,Casual,Full
NIBA,16/2/2017,Casual,First_Half
SUBI,07/4/2017,Sick,Full
SUBI,08/4/2017,Sick,Full
SUBI,09/4/2017,Sick,Full
SUBI,10/4/2017,Sick,Full
SUBI,11/4/2017,Sick,Full
SUBI,12/4/2017,Sick,Full
SUBI,13/4/2017,Sick,Full
ANAN,09/5/2017,Annual,Full
ANAN,10/5/2017,Annual,Full
ANAN,11/5/2017,Annual,Full
ANAN,12/5/2017,Annual,Full
ANAN,13/5/2017,Annual,Full
ANAN,14/5/2017,Annual,Full
ANAN,15/5/2017,Annual,Full
ANAN,16/5/2017,Annual,Full
ANAN,17/5/2017,Annual,Full
ANAN,18/5/2017,Annual,Full
SUBI,20/4/2017,Sick,Full
ANAN,15/3/2017,Casual,Full
NIBA,20/7/2017,Casual,Full
SUBI,17/4/2017,Casual,Full
SUBI,18/4/2017,Casual,Full
SUBI,19/4/2017,Casual,Full
SUCR,03/5/2017,Sick,Full
ANKR,10/4/2017,Sick,Full
ANKR,11/4/2017,Sick,Full
PRNA,06/2/2017,Sick,Full
PRNA,07/2/2017,Sick,Full
PRNA,28/4/2017,Annual,Full
PRNA,29/4/2017,Annual,Full
PRNA,30/4/2017,Annual,Full
PRNA,01/5/2017,Annual,Full
PRNA,02/5/2017,Annual,Full
PRNA,03/5/2017,Annual,Full
PRNA,04/5/2017,Annual,Full
PRNA,05/5/2017,Annual,Full
PRNA,22/5/2017,Sick,Full
ARKU,15/2/2017,Casual,Full
NAPR,03/7/2017,Annual,Full
NAPR,04/7/2017,Annual,Full
NAPR,05/7/2017,Annual,Full
NAPR,06/7/2017,Annual,Full
NAPR,07/7/2017,Annual,Full
SUCR,12/6/2017,Annual,Full
SUCR,13/6/2017,Annual,Full
SUCR,14/6/2017,Annual,Full
SUCR,15/6/2017,Annual,Full
SUCR,16/6/2017,Annual,Full
ARKU,06/7/2017,Annual,Second_Half
ARKU,07/7/2017,Annual,First_Half
NAPR,15/5/2017,Annual,Full
NAPR,16/5/2017,Annual,Full
NAPR,17/5/2017,Annual,Full
NAPR,18/5/2017,Annual,Full
NAPR,19/5/2017,Annual,Full
SUCR,23/6/2017,Sick,Full
ARKU,17/4/2017,Casual,Full
SUCR,25/4/2017,Casual,First_Half
ARKU,21/4/2017,Casual,Full
NAPR,12/1/2017,Sick,Full
PRNA,10/7/2017,Annual,First_Half
ARKU,09/7/2017,Paternity,Full
ARKU,10/7/2017,Paternity,Full
ARKU,11/7/2017,Paternity,Full
ARKU,12/7/2017,Paternity,Full
NADA,15/5/2017,Casual,Full
PRNA,24/3/2017,Sick,Full
ARKU,14/2/2017,Casual,Full
NADA,02/1/2017,Annual,Full
NADA,03/1/2017,Annual,Full
PRNA,5/7/2017,Casual,Second_Half
PRNA,18/4/2017,Casual,Second_Half
PRNA,06/7/2017,Casual,Full
ARKU,13/7/2017,Annual,Full
ARKU,14/7/2017,Annual,Full
ARKU,7/7/2017,Sick,Second_Half
ARKU,31/5/2017,Annual,First_Half
ARKU,1/6/2017,Annual,Second_Half
SOBK,14/3/2017,Sick,Full
SOBK,02/6/2017,Casual,Full
SOBK,25/4/2017,Sick,Full
SOBK,10/7/2017,Sick,Second_Half
SOBK,11/7/2017,Sick,Full
APKR,13/2/2017,Casual,Full
APKR,14/2/2017,Casual,Full
PRNA,07/7/2017,Annual,Full
APKR,28/3/2017,Casual,Full
APKR,29/3/2017,Casual,Full
PRNA,11/4/2017,Casual,First_Half
PRNA,19/1/2017,Casual,First_Half
APKR,24/5/2017,Casual,Second_Half
PRNA,15/6/2017,Casual,Full
ARKU,31/5/2017,Casual,Second_Half
PRNA,20/2/2017,Casual,Full
ARKU,27/1/2017,Casual,Full
PRNA,01/6/2017,Casual,Full
ARKU,1/6/2017,Casual,First_Half
SOBK,13/6/2017,Casual,Full
APKR,27/3/2017,Casual,Full
APKR,10/7/2017,Annual,Second_Half
APKR,11/7/2017,Annual,Full
KNSB,3/7/2017,Sick,First_Half
KISV,09/6/2017,Annual,Full
KISV,28/4/2017,Casual,Full
KISV,13/1/2017,Sick,Full
PSPA,27/1/2017,Casual,Full
KISV,01/3/2017,Sick,Full
PSPA,19/6/2017,Casual,Full
KNSB,17/2/2017,Sick,Full
PSPA,26/4/2017,Sick,Full
KISV,20/2/2017,Casual,Full
PSPA,27/2/2017,Sick,Full
KNSB,24/2/2017,Sick,Second_Half
PSPA,08/5/2017,Casual,Full
KNSB,07/3/2017,Sick,Full
KNSB,08/3/2017,Sick,Full
PSPA,22/5/2017,Sick,Second_Half
AAVA,23/1/2017,Casual,Full
KNSB,17/4/2017,Sick,Full
PSPA,23/5/2017,Sick,Full
AAVA,30/5/2017,Sick,Full
KNSB,3/7/2017,Casual,Second_Half
PSPA,31/7/2017,Annual,Full
PSPA,01/8/2017,Annual,Full
PSPA,02/8/2017,Annual,Full
PSPA,03/8/2017,Annual,Full
PSPA,04/8/2017,Annual,Full
PABP,18/4/2017,Casual,Full
AAVA,08/5/2017,Annual,Full
AAVA,09/5/2017,Annual,Full
AAVA,10/5/2017,Annual,Full
AAVA,11/5/2017,Annual,Full
AAVA,12/5/2017,Annual,Full
PABP,19/4/2017,Marriage,Full
PABP,20/4/2017,Marriage,Full
PABP,21/4/2017,Marriage,Full
AAVA,13/1/2017,Casual,First_Half
AAVA,16/1/2017,Casual,Full
AAVA,13/2/2017,Annual,Full
AAVA,14/2/2017,Annual,Full
AAVA,15/2/2017,Annual,Full
AAVA,16/2/2017,Annual,Full
AAVA,17/2/2017,Annual,Full
AAVA,20/6/2017,Annual,Full
AAVA,21/6/2017,Annual,Full
AAVA,22/6/2017,Annual,Full
AAVA,23/6/2017,Annual,Full
JEMA,20/1/2017,Sick,First_Half
JEMA,29/6/2017,Casual,Full
KNSB,06/1/2017,Annual,Full
KNSB,07/1/2017,Annual,Full
KNSB,08/1/2017,Annual,Full
KNSB,09/1/2017,Annual,Full
KNSB,10/1/2017,Annual,Full
KNSB,11/1/2017,Annual,Full
KNSB,12/1/2017,Annual,Full
KNSB,13/1/2017,Annual,Full
KNSB,14/1/2017,Annual,Full
KNSB,15/1/2017,Annual,Full
KNSB,16/1/2017,Annual,Full
KNSB,17/1/2017,Annual,Full
KNSB,18/1/2017,Annual,Full
KNSB,19/1/2017,Annual,Full
KNSB,20/1/2017,Annual,Full
PABP,02/5/2017,Casual,Full
PABP,03/5/2017,Casual,Full
KNSB,22/5/2017,Sick,Full
KNSB,02/6/2017,Casual,Full
PABP,17/5/2017,Sick,Full
PABP,18/5/2017,Sick,Full
PABP,19/5/2017,Sick,Full
KNSB,28/4/2017,Casual,Full
PABP,27/4/2017,Casual,Full
PABP,28/4/2017,Casual,Full
UMFA,23/6/2017,Sick,Full
JEMA,06/4/2017,Casual,Full
PKMA,13/1/2017,Casual,Full
UMFA,25/5/2017,Annual,Second_Half
JEMA,02/5/2017,Annual,Full
JEMA,03/5/2017,Annual,Full
JEMA,04/5/2017,Annual,Full
JEMA,05/5/2017,Annual,Full
JEMA,06/5/2017,Annual,Full
JEMA,07/5/2017,Annual,Full
JEMA,08/5/2017,Annual,Full
PKMA,22/5/2017,Casual,Full
JEMA,14/7/2017,Casual,Full
PKMA,27/1/2017,Annual,Full
UMFA,12/1/2017,Casual,Full
JEMA,16/1/2017,Casual,Full
PKMA,20/1/2017,Sick,Full
UMFA,12/7/2017,Annual,Full
PKMA,25/4/2017,Annual,Full
PKMA,26/4/2017,Annual,Full
PKMA,27/4/2017,Annual,Full
PKMA,28/4/2017,Annual,Full
UMFA,15/5/2017,Casual,Full
PKMA,10/7/2017,Annual,Full
PKMA,11/7/2017,Annual,Full
PKMA,12/7/2017,Annual,Full
PKMA,13/7/2017,Annual,Full
PKMA,14/7/2017,Annual,Full
UMFA,13/7/2017,Annual,Full
UMFA,14/7/2017,Annual,Full
PKMA,16/3/2017,Casual,Second_Half
THSU,11/5/2017,Examination,Full
THSU,12/5/2017,Examination,Full
THSU,23/1/2017,Annual,Full
THSU,24/1/2017,Annual,Full
THSU,25/1/2017,Annual,Full
THSU,26/1/2017,Annual,Full
THSU,27/1/2017,Annual,Full
ABSH,2/5/2017,Sick,First_Half
ABSH,26/5/2017,Sick,Full
ADSH,09/5/2017,Sick,Full
PASH,06/7/2017,Sick,Full
ADSH,05/6/2017,Sick,Full
JABP,05/4/2017,Casual,Full
PKMA,30/6/2017,Sick,Full
AKSA,11/5/2017,Sick,Second_Half
JABP,08/3/2017,Sick,Full
PKMA,17/2/2017,Casual,Full
AKSA,27/6/2017,Sick,Full
JABP,24/2/2017,Casual,Full
PKMA,25/1/2017,Casual,Full
THSU,06/2/2017,Casual,Full
THSU,07/2/2017,Casual,Full
THSU,08/2/2017,Casual,Full
AKSA,25/5/2017,Sick,Full
JABP,02/5/2017,Annual,Full
JABP,03/5/2017,Annual,Full
JABP,04/5/2017,Annual,Full
JABP,05/5/2017,Annual,Full
PKMA,1/2/2017,Casual,First_Half
THSU,22/5/2017,Casual,Second_Half
AKSA,7/6/2017,Sick,Second_Half
JABP,26/5/2017,Sick,Full
PASH,23/5/2017,Sick,Second_Half
THSU,13/4/2017,Sick,Full
ANKR,07/2/2017,Sick,Full
JABP,27/6/2017,Casual,Full
JABP,28/6/2017,Casual,Full
PKMA,18/5/2017,Sick,Full
THSU,23/6/2017,Sick,Full
HRIN,27/6/2017,Casual,Full
PASH,21/4/2017,Casual,Full
THSU,10/3/2017,Sick,Second_Half
ANKR,02/6/2017,Annual,Full
JABP,27/1/2017,Casual,Full
PASH,03/5/2017,Casual,Full
THSU,17/4/2017,Casual,Full
PASH,3/4/2017,Sick,Second_Half
THSU,02/6/2017,Annual,Full
THSU,03/6/2017,Annual,Full
THSU,04/6/2017,Annual,Full
THSU,05/6/2017,Annual,Full
THSU,06/6/2017,Annual,Full
THSU,07/6/2017,Annual,Full
PASH,28/6/2017,Casual,Full
THSU,24/2/2017,Sick,Full
THSU,08/5/2017,Casual,Full
SWAR,13/1/2017,Casual,Full
PMI,3/7/2017,Casual,First_Half
PMI,24/2/2017,Casual,Full
PASH,27/1/2017,Sick,First_Half
AAVA,20/1/2017,Casual,First_Half
PASH,01/6/2017,Casual,Full
SWAR,02/6/2017,Casual,Full
AAVA,24/4/2017,Casual,Full
PMI,02/5/2017,Casual,Full
AAVA,24/7/2017,Casual,Full
PMI,10/4/2017,Sick,Full
SWAR,24/4/2017,Casual,Full
ABSH,13/3/2017,Annual,Full
ABSH,14/3/2017,Annual,Full
ABSH,15/3/2017,Annual,Full
ABSH,16/3/2017,Annual,Full
ABSH,17/3/2017,Annual,Full
PMI,13/4/2017,Casual,First_Half
SWAR,19/6/2017,Sick,Full
ABSH,27/1/2017,Casual,Full
PMI,02/2/2017,Casual,Full
SWAR,06/4/2017,Casual,Full
ABSH,27/6/2017,Sick,Full
PMI,24/3/2017,Casual,First_Half
SWAR,30/3/2017,Casual,Full
SWAR,31/3/2017,Casual,Full
ABSH,23/1/2017,Sick,Full
SWAR,30/6/2017,Annual,Full
SWAR,01/7/2017,Annual,Full
SWAR,02/7/2017,Annual,Full
SWAR,03/7/2017,Annual,Full
SWAR,04/7/2017,Annual,Full
SWAR,05/7/2017,Annual,Full
SWAR,06/7/2017,Annual,Full
SWAR,07/7/2017,Annual,Full
PMI,11/7/2017,Annual,Full
SWAR,24/5/2017,Sick,Full
SWAR,25/4/2017,Sick,Full
MAV,27/2/2017,Casual,Full
MAV,22/2/2017,Sick,Full
MAV,24/3/2017,Sick,Full
MAV,25/3/2017,Sick,Full
MAV,19/6/2017,Sick,Full
MAV,20/6/2017,Sick,Full
MAV,12/6/2017,Casual,Full
MAV,04/4/2017,Sick,Full
MAV,3/2/2017,Sick,First_Half
MAMN,27/1/2017,Casual,Full
MAMN,17/4/2017,Casual,Full
MAMN,01/6/2017,Sick,Full
MAMN,31/1/2017,Sick,Full
MAMN,16/5/2017,Casual,Full
LIYD,15/6/2017,Casual,Full
LIYD,16/6/2017,Casual,Full
PRRV,27/2/2017,Casual,Full
PRRV,08/6/2017,Sick,Full
LIYD,30/6/2017,Sick,Full
PRRV,05/6/2017,Casual,Full
LIYD,08/5/2017,Sick,Full
PRRV,12/5/2017,Sick,Full
LAKS,17/1/2017,Casual,Full
PRRV,13/1/2017,Casual,Full
PRRV,14/1/2017,Casual,Full
PRRV,15/1/2017,Casual,Full
PRRV,16/1/2017,Casual,Full
LAKS,29/5/2017,Sick,Full
PRRV,17/4/2017,Casual,Full
PRBS,05/6/2017,Sick,Full
PRBS,06/6/2017,Sick,Full
PRBS,07/6/2017,Sick,Full
KUKO,18/1/2017,Casual,Full
PRBS,09/3/2017,Casual,Full
PRBS,10/7/2017,Sick,Second_Half
KUKO,11/5/2017,Sick,Full
KUKO,06/4/2017,Casual,Full
PRBS,23/3/2017,Casual,Full
KUKO,02/5/2017,Annual,Full
KUKO,03/5/2017,Annual,Full
KUKO,04/5/2017,Annual,Full
KUKO,05/5/2017,Annual,Full
PRBS,1/6/2017,Casual,Second_Half
KUKO,31/3/2017,Casual,Full
KUKO,07/2/2017,Casual,Full
PRBS,19/1/2017,Compassionate,Full
KUKO,23/2/2017,Sick,Second_Half
KUKO,27/6/2017,Annual,Full
KUKO,28/6/2017,Annual,Full
KUKO,29/6/2017,Annual,Full
KUKO,30/6/2017,Annual,Full
PRBS,24/3/2017,Casual,First_Half
KUKO,30/5/2017,Sick,Full
KUKO,02/2/2017,Annual,Full
KUKO,03/2/2017,Annual,Full
PRBS,14/2/2017,Casual,Full
PRBS,31/1/2017,Compassionate(Bereavement),Full
PRBS,11/5/2017,Sick,Full
KUKO,29/5/2017,Sick,Second_Half
KRR,10/7/2017,Casual,Full
PRBS,26/5/2017,Casual,Full
KRR,20/6/2017,Casual,Full
KRR,11/1/2017,Annual,First_Half
PRBS,25/7/2017,Casual,Full
KRR,12/5/2017,Casual,Full
PRBS,05/4/2017,Sick,Full
KISV,16/6/2017,Casual,Full
PMUP,13/2/2017,Sick,First_Half
KISV,07/4/2017,Casual,Full
PMUP,06/6/2017,Sick,Full
KISV,12/5/2017,Casual,Full
PMUP,06/1/2017,Annual,Full
KISV,09/3/2017,Compassionate,Full
KISV,10/3/2017,Compassionate,Full
PMUP,02/5/2017,Annual,Full
PMUP,03/5/2017,Annual,Full
PMUP,04/5/2017,Annual,Full
PMUP,05/5/2017,Annual,Full
PMUP,06/5/2017,Annual,Full
PMUP,07/5/2017,Annual,Full
PMUP,08/5/2017,Annual,Full
PMUP,20/2/2017,Casual,First_Half
KISV,14/2/2017,Casual,Full
PMUP,09/1/2017,Annual,Full
PMUP,10/1/2017,Annual,Full
PMUP,11/1/2017,Annual,Full
PMUP,12/1/2017,Annual,Full
PMUP,13/1/2017,Annual,Full
PSPA,27/3/2017,Casual,Full
PSPA,28/3/2017,Casual,Full
BARE,29/6/2017,Casual,Full
BARE,29/5/2017,Casual,Full
BHAR,27/6/2017,Annual,Full
ARTH,11/7/2017,Annual,First_Half
ARTH,01/3/2017,Casual,Full
ARTH,02/3/2017,Casual,Full
ARTH,28/4/2017,Sick,First_Half
BARE,09/3/2017,Casual,Full
BARE,30/6/2017,Sick,Full
MAHI,03/7/2017,Sick,Full
ARTH,27/6/2017,Casual,Full
ARTH,10/7/2017,Casual,Full
ARTH,06/4/2017,Annual,Full
ARTH,07/4/2017,Annual,Full
ARTH,13/6/2017,Sick,Full
MARH,20/6/2017,Sick,First_Half
MARH,18/5/2017,Casual,Full
MARH,19/5/2017,Casual,Full
MAHI,20/3/2017,Sick,Full
ARPR,27/1/2017,Casual,Full
MARH,06/2/2017,Sick,Full
ARPR,21/6/2017,Sick,Full
MAHI,02/6/2017,Annual,Full
MAHI,03/6/2017,Annual,Full
MAHI,04/6/2017,Annual,Full
MAHI,05/6/2017,Annual,Full
MAHI,06/6/2017,Annual,Full
MAHI,07/6/2017,Annual,Full
MAHI,08/6/2017,Annual,Full
ARPR,27/3/2017,Annual,Full
ARPR,28/3/2017,Annual,Full
ARPR,29/3/2017,Annual,Full
ARPR,30/3/2017,Annual,Full
ARPR,31/3/2017,Annual,Full
ARPR,01/4/2017,Annual,Full
ARPR,02/4/2017,Annual,Full
ARPR,03/4/2017,Annual,Full
ARPR,04/4/2017,Annual,Full
ARPR,05/4/2017,Annual,Full
ARPR,06/4/2017,Annual,Full
ARPR,07/4/2017,Annual,Full
MAHI,23/3/2017,Annual,Full
ARTH,12/1/2017,Casual,Full
ARTH,13/1/2017,Casual,Full
MAHI,07/2/2017,Sick,Full
ARTH,13/2/2017,Sick,Full
ARTH,14/2/2017,Sick,Full
MAHI,12/1/2017,Casual,Full
MAHI,13/1/2017,Casual,Full
MAHI,22/5/2017,Sick,Full
MAHI,23/5/2017,Sick,First_Half
MAHI,1/3/2017,Annual,Second_Half
MAHI,22/2/2017,Casual,Full
MAHI,23/2/2017,Casual,Full
MAHI,06/2/2017,Casual,Full
MAHI,19/1/2017,Casual,Full
MAHI,2/2/2017,Sick,Second_Half
MAHI,13/6/2017,Annual,Full
MAHI,24/2/2017,Annual,Full
BHAR,24/1/2017,Casual,Full
BHAR,14/2/2017,Casual,Full
BHAR,01/2/2017,Casual,Full
MAHI,06/3/2017,Sick,Full
MAHK,24/2/2017,Casual,Full
MAHK,06/2/2017,Casual,Full
BHAR,28/7/2017,Sick,Full
MAHK,25/4/2017,Annual,Full
MAHK,26/4/2017,Annual,Full
MAHK,27/4/2017,Annual,Full
MAHK,28/4/2017,Annual,Full
MAHK,29/4/2017,Annual,Full
MAHK,30/4/2017,Annual,Full
MAHK,01/5/2017,Annual,Full
MAHK,02/5/2017,Annual,Full
MAHK,03/5/2017,Annual,Full
MAHK,04/5/2017,Annual,Full
MAHK,05/5/2017,Annual,Full
BHAR,4/4/2017,Sick,First_Half
MAV,17/4/2017,Annual,Full
MAV,18/4/2017,Annual,Full
MAV,19/4/2017,Annual,Full
MAV,20/4/2017,Annual,Full
MAV,21/4/2017,Annual,Full
BHAR,15/5/2017,Annual,Full
BHAR,16/5/2017,Annual,Full
BHAR,17/5/2017,Annual,Full
BHAR,18/5/2017,Annual,Full
BHAR,19/5/2017,Annual,Full
BHAR,20/5/2017,Annual,Full
BHAR,21/5/2017,Annual,Full
MAHK,13/4/2017,Casual,Full
BHAR,09/3/2017,Casual,Full
BHAR,16/3/2017,Casual,Full
MAV,06/1/2017,Sick,Full
BHAR,13/3/2017,Casual,Full
BHAR,02/5/2017,Annual,Full
BHAR,03/5/2017,Annual,Full
MAV,29/5/2017,Sick,Full
UMFA,17/2/2017,Casual,Second_Half
UMFA,10/2/2017,Casual,Full
UMFA,11/2/2017,Casual,Full
UMFA,12/2/2017,Casual,Full
UMFA,13/2/2017,Casual,Full
UMFA,09/5/2017,Annual,Full
UMFA,10/5/2017,Annual,First_Half
VIBA,24/1/2017,Sick,First_Half
VIBA,11/1/2017,Sick,Full
VIBA,13/3/2017,Casual,First_Half
VIBA,13/3/2017,Sick,Second_Half
PSKH,02/6/2017,Casual,Full
VIKI,5/7/2017,Annual,Second_Half
PSKH,27/6/2017,Sick,Full
VIKI,06/2/2017,Sick,Second_Half
VIKI,07/2/2017,Sick,Full
VIKI,08/2/2017,Sick,Full
VIKI,09/2/2017,Sick,Full
VIKI,10/2/2017,Sick,Full
PSKH,20/1/2017,Sick,Full
VIKU,27/2/2017,Casual,Full
PSKH,19/6/2017,Sick,Full
VIKU,17/5/2017,Sick,Full
VIKU,21/2/2017,Casual,First_Half
PSKH,15/5/2017,Sick,Full
VIKU,02/5/2017,Annual,Full
VIKU,03/5/2017,Annual,Full
VIKU,04/5/2017,Annual,Full
VIKU,05/5/2017,Annual,Full
VIKU,17/3/2017,Casual,Full
VIBA,24/3/2017,Sick,Full
VIBA,3/5/2017,Sick,First_Half
VIBA,3/5/2017,Casual,Second_Half
VIBA,17/2/2017,Sick,Full
VIBA,02/5/2017,Sick,Full
UTGO,19/6/2017,Annual,Full
UTGO,16/1/2017,Casual,Full
UTGO,17/1/2017,Casual,Full
UTGO,09/5/2017,Casual,Full
UTGO,21/4/2017,Sick,Full
UTGO,01/2/2017,Sick,Full
UTGO,02/2/2017,Sick,Full
VIBA,20/4/2017,Sick,First_Half
VIBA,13/2/2017,Casual,Full
VIBA,14/2/2017,Casual,Full
VIBA,10/4/2017,Casual,Full
UTGO,05/6/2017,Casual,Full
UTGO,18/5/2017,Annual,Full
UTGO,19/5/2017,Annual,Full
UTGO,20/5/2017,Annual,Full
UTGO,21/5/2017,Annual,Full
UTGO,22/5/2017,Annual,Full
UTGO,23/5/2017,Annual,Full
UMFA,27/3/2017,Annual,Full
UMFA,28/3/2017,Annual,Full
UMFA,29/3/2017,Annual,Full
UMFA,30/3/2017,Annual,Full
UMFA,31/3/2017,Annual,Full
UMFA,25/5/2017,Casual,First_Half
UMFA,25/7/2017,Annual,Second_Half
UMFA,26/7/2017,Annual,Full
UMFA,27/7/2017,Annual,Full
UMFA,28/7/2017,Annual,Full
UMFA,29/7/2017,Annual,Full
UMFA,30/7/2017,Annual,Full
UMFA,31/7/2017,Annual,Full
UMFA,01/8/2017,Annual,Full
UMFA,02/8/2017,Annual,Full
UMFA,03/8/2017,Annual,Full
UMFA,04/8/2017,Annual,Full
UMFA,21/4/2017,Casual,Second_Half
UMFA,17/4/2017,Casual,First_Half
UMFA,17/1/2017,Sick,Full
UMFA,18/1/2017,Sick,Full
UMFA,02/6/2017,Annual,Full
UTGO,05/4/2017,Sick,Full
UTGO,28/2/2017,Casual,Full
UTGO,20/3/2017,Annual,Full
UTGO,21/3/2017,Annual,Full
UTGO,22/3/2017,Annual,Full
UTGO,23/3/2017,Annual,Full
UTGO,24/3/2017,Annual,Full
UTGO,10/3/2017,Casual,Full
RABS,13/2/2017,Casual,Full
RABS,02/5/2017,Casual,Full
MARH,02/3/2017,Casual,Full
MARH,03/3/2017,Casual,Full
RAHM,11/4/2017,Casual,Full
RAHM,06/2/2017,Casual,Full
YUVA,17/4/2017,Casual,Full
MARH,09/1/2017,Sick,Full
RAHM,05/1/2017,Casual,Full
WAKH,21/2/2017,Casual,Full
MARH,17/7/2017,Casual,Full
RAHM,24/5/2017,Casual,Second_Half
WAKH,24/4/2017,Casual,Full
MARH,17/4/2017,Casual,Full
WAKH,20/6/2017,Annual,Full
MARH,26/4/2017,Sick,Full
RAHM,22/5/2017,Casual,Full
WAKH,03/3/2017,Annual,Full
WAKH,04/3/2017,Annual,Full
WAKH,05/3/2017,Annual,Full
WAKH,06/3/2017,Annual,Full
WAKH,07/3/2017,Annual,Full
WAKH,08/3/2017,Annual,Full
WAKH,09/3/2017,Annual,Full
WAKH,10/3/2017,Annual,Full
WAKH,06/2/2017,Sick,Second_Half
WAKH,07/2/2017,Sick,Full
MARH,10/4/2017,Sick,Full
RAHM,19/6/2017,Casual,First_Half
WAKH,04/5/2017,Paternity,Full
WAKH,05/5/2017,Paternity,Full
WAKH,02/5/2017,Paternity,Full
RABS,24/2/2017,Casual,Full
WAKH,27/1/2017,Casual,Full
WAKH,26/4/2017,Annual,Full
PSBK,18/4/2017,Sick,Full
PSBK,28/3/2017,Sick,Full
PSBK,23/1/2017,Casual,Full
WAKH,27/6/2017,Annual,Full
RAOM,15/3/2017,Sick,Second_Half
RAOM,16/3/2017,Sick,Full
WAKH,20/4/2017,Casual,Second_Half
RABS,28/3/2017,Casual,Full
WAKH,12/1/2017,Sick,Full
RAOM,04/1/2017,Casual,Full
WAKH,28/4/2017,Annual,Full
RAOM,9/3/2017,Sick,First_Half
WAKH,21/4/2017,Annual,Second_Half
RAOM,23/2/2017,Casual,Full
WAKH,03/2/2017,Sick,Full
RAOM,27/2/2017,Casual,Full
WAKH,6/6/2017,Annual,Second_Half
RAOM,15/2/2017,Casual,Full
RAOM,16/2/2017,Casual,Full
WAKH,22/2/2017,Sick,Second_Half
WAKH,23/2/2017,Sick,Full
WAKH,24/2/2017,Sick,Full
RAOM,17/2/2017,Casual,Full
WAKH,31/3/2017,Casual,Full
WAKH,2/3/2017,Casual,Second_Half
WAKH,17/2/2017,Casual,Full
PSBK,24/5/2017,Sick,Full
PSBK,24/2/2017,Annual,Full
PSBK,25/2/2017,Annual,Full
PSBK,26/2/2017,Annual,Full
PSBK,27/2/2017,Annual,Full
PSBK,28/2/2017,Annual,Full
PSBK,01/3/2017,Annual,Full
PSBK,02/3/2017,Annual,Full
PSBK,8/6/2017,Annual,Second_Half
VIKR,24/2/2017,Casual,Second_Half
PSBK,15/6/2017,Annual,Full
PSBK,16/6/2017,Annual,Full
VIKR,26/5/2017,Annual,Full
PSBK,27/3/2017,Sick,Second_Half
VIKR,17/2/2017,Casual,Full
PSBK,26/5/2017,Annual,Full
PSBK,27/5/2017,Annual,Full
PSBK,28/5/2017,Annual,Full
PSBK,29/5/2017,Annual,Full
VIKR,09/3/2017,Sick,Full
PSBK,30/6/2017,Annual,Second_Half
VIKR,07/6/2017,Annual,Full
VIKR,08/6/2017,Annual,Full
VIKR,09/6/2017,Annual,Full
PSBK,20/2/2017,Sick,Full
VIKR,27/1/2017,Casual,Full
PSBK,27/3/2017,Sick,First_Half
VIKR,30/1/2017,Annual,Full
VIKR,31/1/2017,Annual,Full
VIKR,01/2/2017,Annual,Full
VIKR,02/2/2017,Annual,Full
VIKR,03/2/2017,Annual,Full
PSBK,30/1/2017,Casual,Full
PSBK,31/1/2017,Casual,Full
VIKR,30/5/2017,Annual,Full
VIKR,31/5/2017,Annual,Full
VIKR,01/6/2017,Annual,Full
VIKR,02/6/2017,Annual,Full
VIKR,03/6/2017,Annual,Full
VIKR,04/6/2017,Annual,Full
VIKR,05/6/2017,Annual,Full
VIKR,30/3/2017,Casual,Full
PSBK,28/4/2017,Sick,Full
VIKR,14/6/2017,Annual,Full
VIKR,15/6/2017,Annual,Full
VIKR,16/6/2017,Annual,Full
VIKR,17/3/2017,Casual,Full
PRMA,30/3/2017,Casual,Full
PRMA,31/3/2017,Casual,Full
PRMA,29/5/2017,Annual,Full
PRMA,30/5/2017,Annual,Full
PRMA,31/5/2017,Annual,Full
PRMA,01/6/2017,Annual,Full
PRMA,02/6/2017,Annual,Full
PRMA,9/6/2017,Sick,Second_Half
VIKI,05/6/2017,Casual,Full
PSKH,28/4/2017,Sick,Full
VIKI,10/4/2017,Casual,Full
PSKH,13/4/2017,Sick,Full
VIKI,01/6/2017,Sick,Full
PSBK,24/4/2017,Casual,Full
PSBK,25/4/2017,Casual,Full
PSBK,31/7/2017,Annual,Full
PSBK,01/8/2017,Annual,Full
VIKR,15/2/2017,Casual,Full
PRMA,28/4/2017,Casual,Full
VIKR,10/1/2017,Casual,First_Half
PSBK,18/1/2017,Casual,Full
VIKI,12/1/2017,Casual,First_Half
VIKI,23/1/2017,Sick,First_Half
PRMA,12/5/2017,Sick,Full
VIKI,19/1/2017,Casual,Full
VIKI,5/7/2017,Casual,First_Half
VIKI,22/6/2017,Casual,Full
VIKI,23/6/2017,Casual,Full
BAMA,10/3/2017,Sick,First_Half
MASI,02/6/2017,Annual,Full
MASI,03/6/2017,Annual,Full
MASI,04/6/2017,Annual,Full
MASI,05/6/2017,Annual,Full
MASI,06/6/2017,Annual,Full
MASI,07/6/2017,Annual,Full
MASI,08/6/2017,Annual,Full
MASI,09/6/2017,Annual,Full
MASI,10/6/2017,Annual,Full
MASI,11/6/2017,Annual,Full
BHPU,27/3/2017,Annual,Full
BHPU,28/3/2017,Annual,Full
BHPU,29/3/2017,Annual,Full
BHPU,30/3/2017,Annual,Full
BHPU,31/3/2017,Annual,Full
BAMA,22/5/2017,Annual,Full
BAMA,23/5/2017,Annual,Full
BAMA,24/5/2017,Annual,Full
MASI,15/3/2017,Casual,Full
SASR,27/1/2017,Casual,Full
SASR,28/1/2017,Casual,Full
SASR,29/1/2017,Casual,Full
SASR,30/1/2017,Casual,Full
BAMA,17/2/2017,Casual,Full
MASI,18/5/2017,Casual,Second_Half
BAMA,28/3/2017,Annual,Full
BAMA,29/3/2017,Annual,Full
BAMA,30/3/2017,Annual,Full
BAMA,31/3/2017,Annual,Full
BAMA,01/4/2017,Annual,Full
BAMA,02/4/2017,Annual,Full
BAMA,03/4/2017,Annual,Full
BAMA,04/4/2017,Annual,Full
BAMA,05/4/2017,Annual,Full
MASI,02/5/2017,Casual,Full
SASR,27/6/2017,Annual,Full
SASR,28/6/2017,Annual,Full
SASR,29/6/2017,Annual,Full
SASR,30/6/2017,Annual,Full
BAMA,16/6/2017,Sick,Full
MASI,16/1/2017,Casual,Full
SASR,10/4/2017,Sick,Full
BAMA,21/6/2017,Sick,Full
BAMA,22/6/2017,Sick,Full
BAMA,23/6/2017,Sick,Full
MADT,28/4/2017,Casual,Full
SASR,29/5/2017,Sick,Full
BAMA,20/2/2017,Sick,Full
MASI,1/6/2017,Casual,Second_Half
SASR,16/2/2017,Sick,Full
MADT,22/5/2017,Sick,Full
RUKU,27/2/2017,Casual,Full
BHAR,06/4/2017,Annual,Full
BHAR,07/4/2017,Annual,Full
SASR,31/1/2017,Annual,Full
RUKU,16/3/2017,Sick,Full
MADT,12/7/2017,Annual,Full
RUKU,08/5/2017,Annual,Full
RUKU,09/5/2017,Annual,Full
RUKU,10/5/2017,Annual,Full
RUKU,11/5/2017,Annual,Full
RUKU,12/5/2017,Annual,Full
RUKU,13/5/2017,Annual,Full
RUKU,14/5/2017,Annual,Full
RUKU,15/5/2017,Annual,Full
RUKU,16/5/2017,Annual,Full
RUKU,17/5/2017,Annual,Full
RUKU,18/5/2017,Annual,Full
RUKU,19/5/2017,Annual,Full
RUKU,20/5/2017,Annual,Full
RUKU,21/5/2017,Annual,Full
RUKU,22/5/2017,Annual,Full
RPRA,27/1/2017,Casual,Full
MADT,16/6/2017,Annual,Full
MADT,27/4/2017,Sick,Full
MADT,15/2/2017,Sick,Second_Half
MADT,16/2/2017,Sick,Full
RPRA,17/1/2017,Casual,First_Half
MADT,23/2/2017,Sick,Full
RPRA,25/1/2017,Casual,Full
MADT,01/2/2017,Casual,Full
RPRA,12/1/2017,Sick,Full
MADT,15/6/2017,Casual,Full
RPRA,18/1/2017,Sick,Full
RPRA,19/1/2017,Sick,Full
RPRA,20/1/2017,Sick,Full
MADT,27/2/2017,Sick,Second_Half
RPRA,01/2/2017,Maternity,Full
RPRA,02/2/2017,Maternity,Full
RPRA,03/2/2017,Maternity,Full
RPRA,04/2/2017,Maternity,Full
RPRA,05/2/2017,Maternity,Full
RPRA,06/2/2017,Maternity,Full
RPRA,07/2/2017,Maternity,Full
RPRA,08/2/2017,Maternity,Full
RPRA,09/2/2017,Maternity,Full
RPRA,10/2/2017,Maternity,Full
RPRA,11/2/2017,Maternity,Full
RPRA,12/2/2017,Maternity,Full
RPRA,13/2/2017,Maternity,Full
RPRA,14/2/2017,Maternity,Full
RPRA,15/2/2017,Maternity,Full
RPRA,16/2/2017,Maternity,Full
RPRA,17/2/2017,Maternity,Full
RPRA,18/2/2017,Maternity,Full
RPRA,19/2/2017,Maternity,Full
RPRA,20/2/2017,Maternity,Full
RPRA,21/2/2017,Maternity,Full
RPRA,22/2/2017,Maternity,Full
RPRA,23/2/2017,Maternity,Full
RPRA,24/2/2017,Maternity,Full
RPRA,25/2/2017,Maternity,Full
RPRA,26/2/2017,Maternity,Full
RPRA,27/2/2017,Maternity,Full
RPRA,28/2/2017,Maternity,Full
RPRA,01/3/2017,Maternity,Full
RPRA,02/3/2017,Maternity,Full
RPRA,03/3/2017,Maternity,Full
RPRA,04/3/2017,Maternity,Full
RPRA,05/3/2017,Maternity,Full
RPRA,06/3/2017,Maternity,Full
RPRA,07/3/2017,Maternity,Full
RPRA,08/3/2017,Maternity,Full
RPRA,09/3/2017,Maternity,Full
RPRA,10/3/2017,Maternity,Full
RPRA,11/3/2017,Maternity,Full
RPRA,12/3/2017,Maternity,Full
RPRA,13/3/2017,Maternity,Full
RPRA,14/3/2017,Maternity,Full
RPRA,15/3/2017,Maternity,Full
RPRA,16/3/2017,Maternity,Full
RPRA,17/3/2017,Maternity,Full
RPRA,18/3/2017,Maternity,Full
RPRA,19/3/2017,Maternity,Full
RPRA,20/3/2017,Maternity,Full
RPRA,21/3/2017,Maternity,Full
RPRA,22/3/2017,Maternity,Full
RPRA,23/3/2017,Maternity,Full
RPRA,24/3/2017,Maternity,Full
RPRA,25/3/2017,Maternity,Full
RPRA,26/3/2017,Maternity,Full
RPRA,27/3/2017,Maternity,Full
RPRA,28/3/2017,Maternity,Full
RPRA,29/3/2017,Maternity,Full
RPRA,30/3/2017,Maternity,Full
RPRA,31/3/2017,Maternity,Full
RPRA,01/4/2017,Maternity,Full
RPRA,02/4/2017,Maternity,Full
RPRA,03/4/2017,Maternity,Full
RPRA,04/4/2017,Maternity,Full
RPRA,05/4/2017,Maternity,Full
RPRA,06/4/2017,Maternity,Full
RPRA,07/4/2017,Maternity,Full
RPRA,08/4/2017,Maternity,Full
RPRA,09/4/2017,Maternity,Full
RPRA,10/4/2017,Maternity,Full
RPRA,11/4/2017,Maternity,Full
RPRA,12/4/2017,Maternity,Full
RPRA,13/4/2017,Maternity,Full
RPRA,14/4/2017,Maternity,Full
RPRA,15/4/2017,Maternity,Full
RPRA,16/4/2017,Maternity,Full
RPRA,17/4/2017,Maternity,Full
RPRA,18/4/2017,Maternity,Full
RPRA,19/4/2017,Maternity,Full
RPRA,20/4/2017,Maternity,Full
RPRA,21/4/2017,Maternity,Full
RPRA,22/4/2017,Maternity,Full
RPRA,23/4/2017,Maternity,Full
RPRA,24/4/2017,Maternity,Full
RPRA,25/4/2017,Maternity,Full
MADT,30/6/2017,Annual,Full
RPRA,31/7/2017,Maternity,Full
RPRA,01/8/2017,Maternity,Full
MADT,01/3/2017,Casual,Full
MADT,07/6/2017,Casual,Full
RPRA,26/4/2017,Maternity,Full
RPRA,27/4/2017,Maternity,Full
RPRA,28/4/2017,Maternity,Full
RPRA,29/4/2017,Maternity,Full
RPRA,30/4/2017,Maternity,Full
RPRA,01/5/2017,Maternity,Full
RPRA,02/5/2017,Maternity,Full
RPRA,03/5/2017,Maternity,Full
RPRA,04/5/2017,Maternity,Full
RPRA,05/5/2017,Maternity,Full
RPRA,06/5/2017,Maternity,Full
RPRA,07/5/2017,Maternity,Full
RPRA,08/5/2017,Maternity,Full
RPRA,09/5/2017,Maternity,Full
RPRA,10/5/2017,Maternity,Full
RPRA,11/5/2017,Maternity,Full
RPRA,12/5/2017,Maternity,Full
RPRA,13/5/2017,Maternity,Full
RPRA,14/5/2017,Maternity,Full
RPRA,15/5/2017,Maternity,Full
RPRA,16/5/2017,Maternity,Full
RPRA,17/5/2017,Maternity,Full
RPRA,18/5/2017,Maternity,Full
RPRA,19/5/2017,Maternity,Full
RPRA,20/5/2017,Maternity,Full
RPRA,21/5/2017,Maternity,Full
RPRA,22/5/2017,Maternity,Full
RPRA,23/5/2017,Maternity,Full
RPRA,24/5/2017,Maternity,Full
RPRA,25/5/2017,Maternity,Full
RPRA,26/5/2017,Maternity,Full
RPRA,27/5/2017,Maternity,Full
RPRA,28/5/2017,Maternity,Full
RPRA,29/5/2017,Maternity,Full
RPRA,30/5/2017,Maternity,Full
RPRA,31/5/2017,Maternity,Full
RPRA,01/6/2017,Maternity,Full
RPRA,02/6/2017,Maternity,Full
RPRA,03/6/2017,Maternity,Full
RPRA,04/6/2017,Maternity,Full
RPRA,05/6/2017,Maternity,Full
RPRA,06/6/2017,Maternity,Full
RPRA,07/6/2017,Maternity,Full
RPRA,08/6/2017,Maternity,Full
RPRA,09/6/2017,Maternity,Full
RPRA,10/6/2017,Maternity,Full
RPRA,11/6/2017,Maternity,Full
RPRA,12/6/2017,Maternity,Full
RPRA,13/6/2017,Maternity,Full
RPRA,14/6/2017,Maternity,Full
RPRA,15/6/2017,Maternity,Full
RPRA,16/6/2017,Maternity,Full
RPRA,17/6/2017,Maternity,Full
RPRA,18/6/2017,Maternity,Full
RPRA,19/6/2017,Maternity,Full
RPRA,20/6/2017,Maternity,Full
RPRA,21/6/2017,Maternity,Full
RPRA,22/6/2017,Maternity,Full
RPRA,23/6/2017,Maternity,Full
RPRA,24/6/2017,Maternity,Full
RPRA,25/6/2017,Maternity,Full
RPRA,26/6/2017,Maternity,Full
RPRA,27/6/2017,Maternity,Full
RPRA,28/6/2017,Maternity,Full
RPRA,29/6/2017,Maternity,Full
RPRA,30/6/2017,Maternity,Full
RPRA,01/7/2017,Maternity,Full
RPRA,02/7/2017,Maternity,Full
RPRA,03/7/2017,Maternity,Full
RPRA,04/7/2017,Maternity,Full
RPRA,05/7/2017,Maternity,Full
RPRA,06/7/2017,Maternity,Full
RPRA,07/7/2017,Maternity,Full
RPRA,08/7/2017,Maternity,Full
RPRA,09/7/2017,Maternity,Full
RPRA,10/7/2017,Maternity,Full
RPRA,11/7/2017,Maternity,Full
RPRA,12/7/2017,Maternity,Full
RPRA,13/7/2017,Maternity,Full
RPRA,14/7/2017,Maternity,Full
RPRA,15/7/2017,Maternity,Full
RPRA,16/7/2017,Maternity,Full
RPRA,17/7/2017,Maternity,Full
RPRA,18/7/2017,Maternity,Full
RPRA,19/7/2017,Maternity,Full
RPRA,20/7/2017,Maternity,Full
RPRA,21/7/2017,Maternity,Full
RPRA,22/7/2017,Maternity,Full
RPRA,23/7/2017,Maternity,Full
RPRA,24/7/2017,Maternity,Full
RPRA,25/7/2017,Maternity,Full
RPRA,26/7/2017,Maternity,Full
RPRA,27/7/2017,Maternity,Full
RPRA,28/7/2017,Maternity,Full
RPRA,29/7/2017,Maternity,Full
RPRA,30/7/2017,Maternity,Full
REBA,18/4/2017,Annual,Full
REBA,19/4/2017,Annual,Full
REBA,20/4/2017,Annual,Full
REBA,21/4/2017,Annual,Full
REBA,30/5/2017,Compassionate,Full
MNKO,27/3/2017,Sick,Full
MANJ,27/2/2017,Sick,Full
MANJ,13/4/2017,Sick,Full
REBA,3/3/2017,Casual,First_Half
MADT,12/1/2017,Casual,Full
MANJ,10/4/2017,Sick,Full
MANJ,11/4/2017,Sick,Full
REBA,10/2/2017,Casual,Full
REBA,11/2/2017,Casual,Full
REBA,12/2/2017,Casual,Full
REBA,13/2/2017,Casual,Full
MANJ,09/5/2017,Annual,Full
MANJ,10/5/2017,Annual,Full
MANJ,11/5/2017,Annual,Full
MANJ,12/5/2017,Annual,Full
REBA,22/3/2017,Casual,Full
REBA,23/3/2017,Casual,Full
MANJ,16/1/2017,Casual,Full
REBA,15/3/2017,Casual,Full
MANJ,2/1/2017,Sick,First_Half
REBA,27/6/2017,Casual,First_Half
MANJ,08/5/2017,Sick,Full
RAMR,17/4/2017,Annual,Full
RAMR,18/4/2017,Annual,Full
RAMR,19/4/2017,Annual,Full
RAMR,20/4/2017,Annual,Full
MANJ,28/4/2017,Sick,Second_Half
RAMR,26/5/2017,Sick,Full
RAMR,18/1/2017,Sick,Full
RAMR,19/1/2017,Sick,Full
MANJ,20/2/2017,Casual,Full
RAMR,10/3/2017,Casual,Second_Half
MNKO,02/5/2017,Sick,Full
MARH,23/1/2017,Sick,Full
RAHM,17/3/2017,Sick,Full
MNKO,13/4/2017,Casual,Second_Half
MNKO,25/7/2017,Casual,First_Half
RAMR,10/2/2017,Casual,Full
MNKO,24/7/2017,Casual,Full
RAMR,11/5/2017,Sick,Full
MNKO,03/1/2017,Compassionate(Bereavement),Full
MNKO,04/1/2017,Compassionate(Bereavement),Full
MNKO,05/1/2017,Compassionate(Bereavement),Full
RAMR,13/3/2017,Casual,First_Half
MNKO,02/2/2017,Sick,Full
RAMR,13/7/2017,Casual,Full
MNKO,26/7/2017,Casual,Full
MNKO,27/7/2017,Casual,Full
MNKO,28/7/2017,Casual,Full
RAMR,23/5/2017,Sick,First_Half
MNKO,06/1/2017,Annual,Full
MNKO,07/1/2017,Annual,Full
MNKO,08/1/2017,Annual,Full
MNKO,09/1/2017,Annual,Full
MNKO,10/1/2017,Annual,Full
MNKO,11/1/2017,Annual,Full
MNKO,12/1/2017,Annual,Full
MNKO,13/1/2017,Annual,Full
MNKO,14/1/2017,Annual,Full
MNKO,15/1/2017,Annual,Full
MNKO,16/1/2017,Annual,Full
RAMR,24/3/2017,Casual,Second_Half
MNKO,24/2/2017,Casual,Full
RAMR,16/1/2017,Casual,Full
MNKO,2/1/2017,Annual,First_Half
RAMR,05/5/2017,Casual,Full
YUVA,11/4/2017,Sick,Full
RAHM,19/6/2017,Annual,Second_Half
YUVA,14/7/2017,Casual,Full
RAHM,22/2/2017,Casual,Full
YUVA,08/3/2017,Sick,Full
YUVA,03/5/2017,Annual,Full
YUVA,04/5/2017,Annual,Full
YUVA,05/5/2017,Annual,Full
YUVA,06/5/2017,Annual,Full
YUVA,07/5/2017,Annual,Full
YUVA,08/5/2017,Annual,Full
YUVA,09/5/2017,Annual,Full
YUVA,19/1/2017,Casual,Full
DESR,27/3/2017,Sick,Full
DESR,17/4/2017,Casual,Full
MOS,02/6/2017,Annual,Full
DESR,26/5/2017,Casual,Full
DEBV,09/5/2017,Annual,Full
DEBV,10/5/2017,Annual,Full
MOS,13/1/2017,Casual,Full
MOS,14/1/2017,Casual,Full
MOS,15/1/2017,Casual,Full
MOS,16/1/2017,Casual,Full
DEBV,28/4/2017,Sick,Full
MOS,18/1/2017,Sick,First_Half
DEBV,7/7/2017,Sick,Second_Half
MOS,06/3/2017,Casual,Full
DEBV,09/2/2017,Casual,Full
MOS,10/4/2017,Sick,Second_Half
DEBV,27/1/2017,Casual,Full
MOS,28/3/2017,Sick,Second_Half
DEBV,06/4/2017,Casual,Full
DEBV,07/4/2017,Casual,Full
MOS,22/5/2017,Sick,Full
MOS,26/4/2017,Casual,Full
DEBV,14/6/2017,Annual,Full
MOS,27/1/2017,Casual,Full
MOS,27/4/2017,Annual,Full
MOS,28/4/2017,Annual,Full
DEBV,16/1/2017,Sick,Full
DEBV,29/5/2017,Annual,Full
DEBV,30/5/2017,Annual,Full
DEBV,31/5/2017,Annual,Full
DEBV,2/3/2017,Casual,Second_Half
MOS,24/2/2017,Sick,Second_Half
DEBV,08/5/2017,Casual,Full
MOS,17/4/2017,Casual,Full
DKIN,02/6/2017,Casual,Full
MOAM,03/2/2017,Casual,Full
DEBV,27/2/2017,Casual,Second_Half
MOS,10/3/2017,Sick,Second_Half
CHPR,13/2/2017,Casual,Full
CHPR,14/2/2017,Casual,Full
MOAM,14/2/2017,Sick,Full
CHPR,07/6/2017,Annual,Full
CHPR,08/6/2017,Annual,Full
CHPR,09/6/2017,Annual,Full
CHPR,10/6/2017,Annual,Full
CHPR,11/6/2017,Annual,Full
CHPR,12/6/2017,Annual,Full
CHPR,13/6/2017,Annual,Full
CHPR,14/6/2017,Annual,Full
MOAM,11/5/2017,Annual,Full
MOAM,12/5/2017,Annual,Full
MOAM,13/5/2017,Annual,Full
MOAM,14/5/2017,Annual,Full
MOAM,15/5/2017,Annual,Full
MOAM,16/5/2017,Annual,Full
MOAM,17/5/2017,Annual,Full
MOAM,18/5/2017,Annual,Full
MOAM,19/5/2017,Annual,Full
MOAM,20/5/2017,Annual,Full
MOAM,21/5/2017,Annual,Full
MOAM,22/5/2017,Annual,Full
MOAM,23/5/2017,Annual,Full
CHKM,24/1/2017,Annual,Full
CHKM,25/1/2017,Annual,Full
CHKM,26/1/2017,Annual,Full
CHKM,27/1/2017,Annual,Full
MYDA,14/7/2017,Annual,Full
CHKM,01/3/2017,Sick,Full
MOAM,02/5/2017,Sick,Full
MOAM,03/5/2017,Sick,Full
MYDA,18/4/2017,Annual,Full
MYDA,19/4/2017,Annual,Full
MYDA,20/4/2017,Annual,Full
MYDA,21/4/2017,Annual,Full
MYDA,22/4/2017,Annual,Full
MYDA,23/4/2017,Annual,Full
MYDA,24/4/2017,Annual,Full
MYDA,25/4/2017,Annual,Full
CHKM,30/3/2017,Sick,Second_Half
CHKM,14/2/2017,Casual,Full
MYDA,10/4/2017,Casual,Full
MYDA,11/4/2017,Casual,Full
CHKM,10/7/2017,Sick,Full
MYDA,12/4/2017,Marriage,Full
MYDA,13/4/2017,Marriage,Full
MYDA,14/4/2017,Marriage,Full
MYDA,15/4/2017,Marriage,Full
MYDA,16/4/2017,Marriage,Full
MYDA,17/4/2017,Marriage,Full
CHKM,06/3/2017,Annual,Full
CHKM,07/3/2017,Annual,Full
CHKM,08/3/2017,Annual,Full
CHKM,09/3/2017,Annual,Full
CHKM,10/3/2017,Annual,Full
MYDA,08/2/2017,Casual,Full
MYDA,09/2/2017,Casual,Full
MYDA,10/2/2017,Casual,Full
CHKM,20/1/2017,Casual,Full
MYDA,19/5/2017,Annual,Full
MYDA,20/5/2017,Annual,Full
MYDA,21/5/2017,Annual,Full
MYDA,22/5/2017,Annual,Full
MYDA,23/5/2017,Annual,Full
MYDA,24/5/2017,Annual,Full
MYDA,25/5/2017,Annual,Full
MYDA,26/5/2017,Annual,Full
CHKM,23/1/2017,Annual,First_Half
CHKM,02/1/2017,Sick,Full
MYDA,20/3/2017,Casual,Full
CHKM,22/5/2017,Casual,Full
MYDA,02/6/2017,Sick,Full
CHKM,04/5/2017,Sick,Full
MYDA,05/5/2017,Annual,Full
MYDA,06/5/2017,Annual,Full
MYDA,07/5/2017,Annual,Full
MYDA,08/5/2017,Annual,Full
MAKH,12/5/2017,Sick,Full
BHPU,28/4/2017,Casual,Full
BHPU,29/4/2017,Casual,Full
BHPU,30/4/2017,Casual,Full
BHPU,01/5/2017,Casual,Full
BHPU,24/4/2017,Sick,Full
BHPU,25/4/2017,Sick,Full
BHPU,05/1/2017,Sick,Full
BHPU,03/5/2017,Casual,Full
BHPU,04/5/2017,Casual,Full
BHPU,05/5/2017,Casual,Full
MAKH,09/1/2017,Sick,Full
BHPU,02/5/2017,Sick,Full
MAKH,5/6/2017,Casual,First_Half
BHPU,07/7/2017,Annual,Full
MAKH,16/2/2017,Annual,Full
MAKH,17/2/2017,Annual,Full
MAKH,18/2/2017,Annual,Full
MAKH,19/2/2017,Annual,Full
MAKH,20/2/2017,Annual,Full
MAKH,21/2/2017,Annual,Full
MAKH,22/2/2017,Annual,Full
MAKH,23/2/2017,Annual,Full
MAKH,24/2/2017,Annual,Full
MAKH,25/2/2017,Annual,Full
MAKH,26/2/2017,Annual,Full
MAKH,27/2/2017,Annual,Full
SMCH,27/1/2017,Casual,Full
BHPU,05/4/2017,Sick,Full
MAKH,09/6/2017,Casual,Full
MAKH,10/6/2017,Casual,Full
MAKH,11/6/2017,Casual,Full
MAKH,12/6/2017,Casual,Full
SMCH,11/1/2017,Sick,Full
BHPU,06/2/2017,Sick,Full
MAKH,17/4/2017,Casual,Full
SMCH,29/5/2017,Casual,Full
BHPU,29/6/2017,Annual,Full
MAKH,27/1/2017,Casual,Full
SMCH,6/2/2017,Sick,Second_Half
BHPU,27/1/2017,Casual,Full
MAKH,09/3/2017,Sick,Second_Half
MAKH,10/3/2017,Sick,Full
SMCH,17/5/2017,Annual,Second_Half
BHPU,28/6/2017,Casual,Full
MAKH,05/5/2017,Sick,Full
SMCH,21/7/2017,Annual,Full
MASI,9/1/2017,Casual,First_Half
SMCH,22/2/2017,Sick,Full
SMCH,23/2/2017,Sick,Full
MAPB,03/7/2017,Casual,Full
SMCH,28/3/2017,Casual,Full
SMCH,29/3/2017,Casual,Full
SMCH,30/3/2017,Casual,Full
SMCH,31/3/2017,Casual,Full
SASR,14/3/2017,Sick,Full
GELK,02/6/2017,Annual,Full
HAVN,5/6/2017,Sick,Second_Half
HAVN,10/4/2017,Casual,Full
HAVN,28/2/2017,Sick,Full
HAVN,06/2/2017,Sick,Second_Half
HAVN,07/2/2017,Sick,First_Half
GELK,13/1/2017,Casual,Full
GELK,27/1/2017,Casual,Full
GELK,28/3/2017,Casual,Full
GELK,17/4/2017,Casual,Full
GELK,25/5/2017,Annual,Full
GELK,26/5/2017,Annual,Full
GELK,27/2/2017,Casual,Full
GELK,27/3/2017,Casual,Full
GASR,02/5/2017,Annual,Full
GASR,03/5/2017,Annual,Full
GASR,04/5/2017,Annual,Full
GASR,05/5/2017,Annual,Full
GASR,30/3/2017,Sick,Full
GASR,31/3/2017,Sick,Full
GASL,11/3/2017,Annual,Full
GASL,12/3/2017,Annual,Full
GASL,13/3/2017,Annual,Full
GASL,14/3/2017,Annual,Full
GASL,15/3/2017,Annual,Full
GASL,16/3/2017,Annual,Full
GASL,17/3/2017,Annual,Full
GASL,18/3/2017,Annual,Full
GASL,19/3/2017,Annual,Full
GASL,20/3/2017,Annual,Full
GASL,21/3/2017,Annual,Full
GASL,22/3/2017,Annual,Full
GASL,23/3/2017,Annual,Full
GASL,24/3/2017,Annual,Full
GASL,25/3/2017,Annual,Full
GASL,26/3/2017,Annual,Full
GASL,27/3/2017,Annual,Full
GASL,28/3/2017,Annual,Full
ESSA,14/6/2017,Casual,Full
ESSA,15/6/2017,Casual,Full
ESSA,16/6/2017,Casual,Full
ESSA,19/6/2017,Sick,Full
ESSA,20/6/2017,Sick,Full
EKMA,06/6/2017,Casual,Full
EKMA,24/5/2017,Sick,Full
EKMA,07/6/2017,Casual,Full
EKMA,03/7/2017,Annual,Full
EKMA,04/7/2017,Annual,Full
EKMA,23/1/2017,Sick,Full
EKMA,15/2/2017,Casual,Full
EKMA,16/2/2017,Casual,Full
EKMA,17/2/2017,Casual,Full
EKMA,06/2/2017,Casual,Full
EKMA,07/2/2017,Annual,Full
EKMA,08/2/2017,Annual,Full
EKMA,09/2/2017,Annual,Full
EKMA,10/2/2017,Annual,Full
EKMA,11/2/2017,Annual,Full
EKMA,12/2/2017,Annual,Full
EKMA,13/2/2017,Annual,Full
EKMA,14/2/2017,Annual,Full
EKMA,08/6/2017,Annual,Full
EKMA,09/6/2017,Annual,Full
EKMA,28/6/2017,Annual,Full
EKMA,30/6/2017,Annual,First_Half
EKMA,27/1/2017,Sick,Full
EKMA,28/1/2017,Sick,Full
EKMA,29/1/2017,Sick,Full
EKMA,30/1/2017,Sick,Full
EKMA,31/1/2017,Sick,Full
NADA,17/4/2017,Casual,First_Half
EKMA,30/6/2017,Annual,Second_Half
NADA,7/7/2017,Casual,First_Half
DESR,27/1/2017,Annual,Full
DESR,28/1/2017,Annual,Full
DESR,29/1/2017,Annual,Full
DESR,30/1/2017,Annual,Full
DESR,31/1/2017,Annual,Full
DESR,01/2/2017,Annual,Full
DESR,02/2/2017,Annual,Full
DESR,03/2/2017,Annual,Full
DESR,04/2/2017,Annual,Full
DESR,05/2/2017,Annual,Full
DESR,06/2/2017,Annual,Full
DESR,07/2/2017,Annual,Full
NADA,30/1/2017,Sick,First_Half
DESR,29/5/2017,Sick,Full
NADA,3/4/2017,Casual,First_Half
DESR,20/2/2017,Casual,Full
NADA,8/5/2017,Casual,First_Half
DESR,08/2/2017,Marriage,Full
DESR,09/2/2017,Marriage,Full
DESR,10/2/2017,Marriage,Full
NADA,12/1/2017,Sick,First_Half
DESR,13/2/2017,Unpaid,Full
DESR,14/2/2017,Unpaid,Full
DESR,15/2/2017,Unpaid,Full
DESR,16/2/2017,Unpaid,Full
DESR,17/2/2017,Unpaid,Full
NADA,06/3/2017,Sick,Full
NADA,07/3/2017,Sick,Full
NADA,08/3/2017,Sick,Full
NADA,09/3/2017,Sick,Full
NADA,10/3/2017,Sick,Full
DESR,03/7/2017,Sick,Full
NADA,06/6/2017,Casual,Full
NADA,09/1/2017,Casual,Full
NADA,20/2/2017,Annual,Full
NADA,21/2/2017,Annual,Full
NADA,22/2/2017,Annual,Full
NADA,23/2/2017,Annual,Full
NADA,24/2/2017,Annual,Full
NADA,25/2/2017,Annual,Full
NADA,26/2/2017,Annual,Full
NADA,27/2/2017,Annual,Full
NADA,28/2/2017,Annual,Full
NADA,01/3/2017,Annual,Full
NADA,02/3/2017,Annual,Full
NADA,03/3/2017,Annual,Full
HAVN,15/5/2017,Casual,Full
HAVN,16/5/2017,Casual,Full
HAVN,17/5/2017,Casual,Full
HAVN,13/1/2017,Sick,Full
HRIN,31/3/2017,Unpaid,Full
HRIN,13/4/2017,Unpaid,Second_Half
HRIN,14/4/2017,Unpaid,Full
HRIN,15/4/2017,Unpaid,Full
HRIN,16/4/2017,Unpaid,Full
HRIN,17/4/2017,Unpaid,Full
HRIN,18/4/2017,Unpaid,Full
HRIN,19/4/2017,Unpaid,Full
HRIN,20/4/2017,Unpaid,Full
HRIN,21/4/2017,Unpaid,Full
HRIN,23/3/2017,Sick,Full
HRIN,24/3/2017,Sick,Full
HRIN,25/3/2017,Sick,Full
HRIN,26/3/2017,Sick,Full
HRIN,27/3/2017,Sick,Full
HRIN,28/3/2017,Sick,Full
HRIN,29/3/2017,Sick,Full
HRIN,30/3/2017,Sick,Full
HRIN,05/4/2017,Annual,Full
HRIN,06/4/2017,Annual,Full
HRIN,07/4/2017,Annual,Full
HRIN,08/4/2017,Annual,Full
HRIN,09/4/2017,Annual,Full
HRIN,10/4/2017,Annual,Full
HRIN,11/4/2017,Annual,Full
HRIN,12/4/2017,Annual,Full
HRIN,13/4/2017,Annual,First_Half
HRIN,20/1/2017,Sick,Full
HAVN,27/2/2017,Casual,Full
HAVN,27/1/2017,Casual,Full
